"0","# fs::dir_ls(""code"")"
"0","source(""code/01.0-scrape-usada.R"")"
"0","source(""code/02.0-usada-sanction-dates.R"")"
"1","[01;34mdata/processed[0m"
"1",""
"1","
"
"1",""
"1",""
"1","â”œâ”€â”€ "
"1",""
"1","2020-06-08-02.0-UsadaNoNames.csv"
"1",""
"1","
"
"1",""
"1",""
"1","â”œâ”€â”€ "
"1",""
"1","2020-06-08-02.0-UsadaSanctions.csv"
"1",""
"1","
"
"1",""
"1",""
"1","â”œâ”€â”€ "
"1",""
"1","2020-06-08-02.0-usada-sanction-dates.RData"
"1",""
"1","
"
"1",""
"1",""
"1","â”œâ”€â”€ "
"1",""
"1","2020-06-08-03.0-UsadaNoNames.csv"
"1",""
"1","
"
"1",""
"1",""
"1","â”œâ”€â”€ "
"1",""
"1","2020-06-08-03.0-UsadaSanctions.csv"
"1",""
"1","
"
"1",""
"1",""
"1","â””â”€â”€ "
"1",""
"1","2020-06-08-03.0-usada-sanction-dates.RData"
"1",""
"1","
"
